<?xml version="1.0"?>
<Invoices>
	<invoice number="2145" date="2001-11-01">
		<customer>
			<name>Tom Jones</name>
			<address>33, Plaza Av.</address>
			<zip>14345-650</zip>
		</customer>
		<items>
			<item>
				<productID>MONO</productID>
				<qty>1</qty>
				<sale-price>65.00</sale-price>
			</item>
			<item>
				<product-ID>BIKE-12</product-ID>
				<qty>2</qty>
				<sale-price>290.00</sale-price>
			</item>
		</items>
	</invoice>
	<invoice number="2146" date="2001-11-02">
		<customer>
			<name>John Doe</name>
			<address>126, Baker St.</address>
			<zip>04563-300</zip>
		</customer>
		<items>
			<item>
				<productID>BIKE-18</productID>
				<qty>1</qty>
				<sale-price>170.00</sale-price>
				<discount>6.00</discount>
			</item>
		</items>
	</invoice>
	<invoice number="2147" date="2001-11-02">
		<customer>
			<name>Jack Smith</name>
			<address>450, Ocean Drive</address>
			<zip>01232-200</zip>
		</customer>
		<items>
			<item>
				<productID>MONO</productID>
				<qty>3</qty>
				<sale-price>180.00</sale-price>
				<discount>15.00</discount>
			</item>
		</items>
	</invoice>	
</Invoices>
